CREATE DATABASE DB_GIAOVIEN
GO

USE DB_GIAOVIEN
GO

--------------------------------------------------- [ KHỞI TẠO CÁC BẢNG DỮ LIỆU ] ---------------------------------------------------
--------------------- BẢNG GIÁO VIÊN
CREATE TABLE GIAOVIEN
(
	MAGV			VARCHAR(10),
	TRANGTHAI		BIT,
	HOTEN			NVARCHAR(50),
	NGAYSINH		DATE,
	GIOITINH		NVARCHAR(5),
	DIACHI			NVARCHAR(200),
	SODIENTHOAI		VARCHAR(10),
	CCCD			VARCHAR(12),
	EMAIL			VARCHAR(30),
	NGAYVAOTRUONG	DATE,
	NGAYVAODANG		DATE,
	DONVICONGTAC	NVARCHAR(50),
	DANTOC			NVARCHAR(20),
	TONGIAO			NVARCHAR(25),
	THAMNIEN		INT,
	MASOCD			VARCHAR(10) NOT NULL,
	BAC				INT NOT NULL,
	MACM			INT NOT NULL,
	CONSTRAINT PK_GIAOVIEN PRIMARY KEY(MAGV)
);

--------------------- BẢNG CHỨC VỤ
CREATE TABLE CHUCVU
(
	MACV			INT NOT NULL IDENTITY(1,1),
	TENCV			NVARCHAR(50),
	CONSTRAINT PK_CHUCVU PRIMARY KEY(MACV)
);

--------------------- BẢNG ĐỊNH MỨC TIẾT DẠY
CREATE TABLE DINHMUCTIETDAY
(
	MACV				INT NOT NULL,
	SODINHMUCTIETDAY	DECIMAL(18,2),
	CONSTRAINT PK_DINHMUCTIETDAY PRIMARY KEY(MACV, SODINHMUCTIETDAY)
);

--------------------- BẢNG CHI TIẾT CHỨC VỤ
CREATE TABLE CHITIETCHUCVU
(
	MACV			INT NOT NULL,
	MAGV			VARCHAR(10) NOT NULL,
	NAMHOC			VARCHAR(15) NOT NULL,
	CONSTRAINT PK_CHITIETCHUCVU PRIMARY KEY(MAGV, MACV, NAMHOC)
);

--------------------- BẢNG CHỨC DANH
CREATE TABLE CHUCDANHNN
(
	MASOCD			VARCHAR(10) NOT NULL,
	HANGCD			NVARCHAR(50),
	CONSTRAINT PK_CHUCDANH PRIMARY KEY(MASOCD)
);

--------------------- BẢNG BẬC LƯƠNG
CREATE TABLE BACLUONG
(	
	MASOCD			VARCHAR(10) NOT NULL,
	BAC				INT NOT NULL,
	HESOLUONG		DECIMAL(18,2),
	MUCLUONGCOSO	DECIMAL(18,0),
	CONSTRAINT PK_BACLUONG PRIMARY KEY(MASOCD, BAC)
);

--------------------- BẢNG LỚP HỌC
CREATE TABLE LOPHOC
(
	MALP			VARCHAR(10) NOT NULL,
	TENLP			NVARCHAR(20),
	SISO			INT,
	KHIEMKHUYET		BIT,
	MAKHOI			INT,
	CONSTRAINT PK_LOPHOC PRIMARY KEY(MALP)
);

--------------------- BẢNG CHỦ NHIỆM
CREATE TABLE CHUNHIEM
(
	MALP			VARCHAR(10) NOT NULL,
	MAGV			VARCHAR(10) NOT NULL,
	NAMHOC			VARCHAR(15),
	TRANGTHAI		BIT,
	CONSTRAINT PK_CHUNHIEM PRIMARY KEY(MALP, MAGV, NAMHOC)
);

--------------------- BẢNG BẰNG CẤP
CREATE TABLE BANGCAP
(
	MABC			VARCHAR(10) NOT NULL,
	TENBC			NVARCHAR(50),
	NOIDAOTAO		NVARCHAR(100),
	CHUYENNGANH		NVARCHAR(100),
	HOCVI			NVARCHAR(20),
	XEPLOAI			NVARCHAR(20),
	NGAYCAP			DATE,
	CONSTRAINT PK_BANGCAP PRIMARY KEY(MABC)
);

--------------------- BẢNG PHỤ TRỘI
CREATE TABLE PHUTROI
(
	MAGV			VARCHAR(10) NOT NULL,
	TONGTIETDAY		INT,
	TONGTIETDADAY	INT,
	TONGTIETQUYDINH	INT,
	SOGIODAYTHEM	FLOAT,
	LUONGGIODAY		DECIMAL(18, 0),
	TIENPHUTROI		DECIMAL(18, 0),
	NAMHOC			VARCHAR(20),
	CONSTRAINT PK_PHUTROI PRIMARY KEY(MAGV)
);

--------------------- BẢNG XÁC NHẬN LỊCH DẠY
CREATE TABLE XACNHANLICHDAY
(
	MALICH			VARCHAR(12) NOT NULL,
	NGAYDAY			DATE,
	TIETDAY			INT,
	HOANTHANH		BIT,
	CONSTRAINT PK_XACNHANLICHDAY PRIMARY KEY(MALICH, NGAYDAY, TIETDAY)
);

--------------------- BẢNG CHI TIẾT BẰNG CẤP
CREATE TABLE CHITIETBANGCAP
(
	MABC			VARCHAR(10) NOT NULL,
	MAGV			VARCHAR(10) NOT NULL,
	CONSTRAINT PK_CHITIETBANGCAP PRIMARY KEY(MABC, MAGV)
);

--------------------- BẢNG CHUYÊN MÔN
CREATE TABLE CHUYENMON
(
	MACM			INT,
	TENCM			NVARCHAR(50),
	CONSTRAINT PK_CHUYENMON PRIMARY KEY(MACM)
);

CREATE TABLE KHOI
(
	MAKHOI		INT,
	TENKHOI		NVARCHAR(10),
	CONSTRAINT PK_KHOI PRIMARY KEY(MAKHOI)
);

--------------------- BẢNG MÔN HỌC
CREATE TABLE MONHOC
(
	MAMH			INT,
	TENMH			NVARCHAR(50),
	TIETTOIDA		INT,
	MACM			INT,
	MAKHOI			INT,
	CONSTRAINT PK_MONHOC PRIMARY KEY(MAMH)
);


--------------------- BẢNG LỊCH DẠY
CREATE TABLE LICHDAY
(
	MALICH			VARCHAR(12) NOT NULL,
	MAGV			VARCHAR(10) NOT NULL,
	MAMH			INT NOT NULL,
	MALP			VARCHAR(10) NOT NULL,
	THOIGIANBATDAU	DATE,
	THOIGIANKETTHUC	DATE,
	NAMHOC			VARCHAR(15),
	CONSTRAINT PK_LICHDAY PRIMARY KEY(MALICH)
);

--------------------- BẢNG CHI TIẾT LỊCH DẠY
CREATE TABLE CHITIETLICHDAY
(
	MALICH			VARCHAR(12) NOT NULL,
	THU				NVARCHAR(10),
	NGAYDAY			DATE,
	TIETDAY			INT,
	CONSTRAINT PK_CHITIETLICHDAY PRIMARY KEY(MALICH, NGAYDAY, TIETDAY)
);

--------------------- BẢNG THỜI GIAN DẠY
CREATE TABLE THOIGIANDAY
(
	MATG			INT NOT NULL IDENTITY(1,1),
	TENTIET			INT,
	GIOBATDAU		TIME(7),
	GIOKETTHUC		TIME(7),
	CONSTRAINT PK_THOIGIANDAY PRIMARY KEY(MATG)
);

--------------------- BẢNG QUYỀN TRUY CẬP
CREATE TABLE QUYENTRUYCAP
(
	MAQTC			INT NOT NULL IDENTITY(1,1),
	TENQTC			VARCHAR(50),
	CONSTRAINT PK_QUYENTRUYCAP PRIMARY KEY(MAQTC)
);

--------------------- BẢNG TÀI KHOẢN
CREATE TABLE TAIKHOAN
(
	MAGV			VARCHAR(10) NOT NULL,
	MATKHAU			VARCHAR(15),
	MAQTC			INT NOT NULL,
	CONSTRAINT PK_TAIKHOAN PRIMARY KEY(MAGV)
);

--------------------------------------------------- [ RÀNG BUỘC ] ---------------------------------------------------

--------------------------------------------------------- KHÓA NGOẠI
--------------------- BẢNG LỚP HỌC
ALTER TABLE LOPHOC 
ADD CONSTRAINT FK_LOPHOC_KHOI FOREIGN KEY(MAKHOI) REFERENCES KHOI(MAKHOI)

--------------------- BẢNG BẬC LƯƠNG
ALTER TABLE BACLUONG 
ADD CONSTRAINT FK_BACLUONG_CHUCDANHNN FOREIGN KEY(MASOCD) REFERENCES CHUCDANHNN(MASOCD)

--------------------- BẢNG GIÁO VIÊN
ALTER TABLE GIAOVIEN 
ADD CONSTRAINT FK_GIAOVIEN_BACLUONG FOREIGN KEY(MASOCD, BAC) REFERENCES BACLUONG(MASOCD, BAC),
	CONSTRAINT FK_GIAOVIEN_CHUYENMON FOREIGN KEY(MACM) REFERENCES CHUYENMON(MACM)

--------------------- BẢNG CHỦ NHIỆM
ALTER TABLE CHUNHIEM 
ADD CONSTRAINT FK_CHUNHIEM_LOPHOC FOREIGN KEY(MALP) REFERENCES LOPHOC(MALP),
	CONSTRAINT FK_CHUNHIEM_GIAOVIEN FOREIGN KEY(MAGV) REFERENCES GIAOVIEN(MAGV)

--------------------- BẢNG ĐỊNH MỨC TIẾT DẠY
ALTER TABLE DINHMUCTIETDAY
ADD CONSTRAINT FK_DINHMUCTIETDAY_CHUCVU FOREIGN KEY(MACV) REFERENCES CHUCVU(MACV)

--------------------- BẢNG CHI TIẾT CHỨC VỤ
ALTER TABLE CHITIETCHUCVU
ADD CONSTRAINT FK_CHITIETCHUCVU_GIAOVIEN FOREIGN KEY(MAGV) REFERENCES GIAOVIEN(MAGV),
	CONSTRAINT FK_CHITIETCHUCVU_CHUCVU FOREIGN KEY(MACV) REFERENCES CHUCVU(MACV)

--------------------- BẢNG PHỤ TRỘI
ALTER TABLE PHUTROI
ADD CONSTRAINT FK_PHUTROI_GIAOVIEN FOREIGN KEY(MAGV) REFERENCES GIAOVIEN(MAGV)

--------------------- BẢNG CHI TIẾT BẰNG CẤP
ALTER TABLE CHITIETBANGCAP
ADD CONSTRAINT FK_CHITIETBANGCAP_GIAOVIEN FOREIGN KEY(MAGV) REFERENCES GIAOVIEN(MAGV),
	CONSTRAINT FK_CHITIETBANGCAP_BANGCAP FOREIGN KEY(MABC) REFERENCES BANGCAP(MABC)

--------------------- BẢNG TÀI KHOẢN
ALTER TABLE TAIKHOAN
ADD CONSTRAINT FK_TAIKHOAN_GIAOVIEN FOREIGN KEY(MAGV) REFERENCES GIAOVIEN(MAGV),
	CONSTRAINT FK_TAIKHOAN_QUYENTRUYCAP FOREIGN KEY(MAQTC) REFERENCES QUYENTRUYCAP(MAQTC)

--------------------- BẢNG LỊCH HỌC
ALTER TABLE LICHDAY
ADD CONSTRAINT FK_LICHDAY_GIAOVIEN FOREIGN KEY(MAGV) REFERENCES GIAOVIEN(MAGV),
	CONSTRAINT FK_LICHDAY_MONHOC FOREIGN KEY(MAMH) REFERENCES MONHOC(MAMH),
	CONSTRAINT FK_LICHDAY_LOPHOC FOREIGN KEY(MALP) REFERENCES LOPHOC(MALP)

--------------------- BẢNG CHI TIẾT LỊCH HỌC
ALTER TABLE CHITIETLICHDAY
ADD CONSTRAINT FK_CHITIETLICHDAY_LICHDAY FOREIGN KEY(MALICH) REFERENCES LICHDAY(MALICH),
	CONSTRAINT FK_CHITIETLICHDAY_THOIGIANDAY FOREIGN KEY(TIETDAY) REFERENCES THOIGIANDAY(MATG)

--------------------- BẢNG MÔN HỌC
ALTER TABLE MONHOC
ADD CONSTRAINT FK_MONHOC_KHOI FOREIGN KEY(MAKHOI) REFERENCES KHOI(MAKHOI),
	CONSTRAINT FK_MONHOC_CHUYENMON FOREIGN KEY(MACM) REFERENCES CHUYENMON(MACM)

--------------------- BẢNG XÁC NHẬN LỊCH DẠY
ALTER TABLE XACNHANLICHDAY
ADD CONSTRAINT FK_XACNHANLICHDAY_CHITIETLICHDAY FOREIGN KEY(MALICH, NGAYDAY, TIETDAY) REFERENCES CHITIETLICHDAY(MALICH, NGAYDAY, TIETDAY)

--------------------------------------------------- [THÊM DỮ LIỆU VÀO CÁC BẢNG ] ---------------------------------------------------

--------------------- BẢNG THỜI GIAN DẠY
INSERT INTO THOIGIANDAY (TENTIET, GIOBATDAU, GIOKETTHUC)
VALUES
(1, '07:00', '07:45'),
(2, '07:50', '08:35'),
(3, '08:40', '09:25'),
(4, '09:50', '10:35'),
(5, '10:40', '11:25'),
(6, '13:00', '13:45'),
(7, '13:50', '14:35'),
(8, '14:40', '15:25'),
(9, '15:50', '16:35'),
(10, '16:40', '17:25')

--------------------- BẢNG CHỨC VỤ
INSERT INTO CHUCVU (TENCV)
VALUES
(N'Hiệu trưởng'),
(N'Phó hiệu trưởng'),
(N'GVCN'),
(N'GVBM'),
(N'GVCN dạy HSKT, HSTT'),
(N'GVBM dạy HSKT, HSTT')

--------------------- BẢNG ĐỊNH MỨC TIẾT DẠY
INSERT INTO DINHMUCTIETDAY (MACV, SODINHMUCTIETDAY)
VALUES
(1, 2),
(2, 4),
(3, 13),
(4, 17),
(5, 14),
(6, 15)

--------------------- BẢNG CHỨC DANH NGHỀ NGHIỆP
INSERT INTO CHUCDANHNN(MASOCD, HANGCD)
VALUES
('V.07.05.13', N'Giáo viên THPT hạng I'),
('V.07.05.14', N'Giáo viên THPT hạng II'),
('V.07.05.15', N'Giáo viên THPT hạng III')

--------------------- BẢNG BẬC LƯƠNG
INSERT INTO BACLUONG(MASOCD, BAC, HESOLUONG, MUCLUONGCOSO)
VALUES
('V.07.05.15', 1, 2.34, 4212000),
('V.07.05.15', 2, 2.67, 4806000),
('V.07.05.15', 3, 3, 5400000),
('V.07.05.15', 4, 3.33, 5994000),
('V.07.05.15', 5, 3.66, 6588000),
('V.07.05.15', 6, 3.99, 7182000),
('V.07.05.15', 7, 4.32, 7776000),
('V.07.05.15', 8, 4.65, 8370000),
('V.07.05.15', 9, 4.98, 8964000),
('V.07.05.14', 1, 4, 7200000),
('V.07.05.14', 2, 4.34, 7812000),
('V.07.05.14', 3, 4.68, 8424000),
('V.07.05.14', 4, 5.02, 9036000),
('V.07.05.14', 5, 5.36, 9648000),
('V.07.05.14', 6, 5.7, 10260000),
('V.07.05.14', 7, 6.04, 10872000),
('V.07.05.14', 8, 6.38, 11484000),
('V.07.05.13', 1, 4.4, 7920000),
('V.07.05.13', 2, 4.74, 8532000),
('V.07.05.13', 3, 5.08, 9144000),
('V.07.05.13', 4, 5.42, 9756000),
('V.07.05.13', 5, 5.76, 10368000),
('V.07.05.13', 6, 6.1, 10980000),
('V.07.05.13', 7, 6.44, 11592000),
('V.07.05.13', 8, 6.78, 12204000)

--------------------- BẢNG QUYỀN TRUY CẬP
INSERT INTO QUYENTRUYCAP(TENQTC)
VALUES
(N'Nhân viên quản lý'),
(N'Giáo viên'),
(N'Kế toán')

--------------------- BẢNG CHUYÊN MÔN
INSERT INTO CHUYENMON(MACM, TENCM)
VALUES 
(1, N'Toán học'),
(2, N'Ngữ văn'),
(3, N'Vật lý'),
(4, N'Hóa học'),
(5, N'Sinh học'),
(6, N'Lịch sử'),
(7, N'Địa lý'),
(8, N'GDCD'),
(9, N'Tiếng Anh'),
(10, N'Công nghệ'),
(11, N'Tin học'),
(12, N'Thể dục'),
(13, N'Âm nhạc'),
(14, N'GDQP')

--------------------- BẢNG KHỐI
INSERT INTO KHOI(MAKHOI, TENKHOI)
VALUES 
(1, N'KHỐI 10'),
(2, N'KHỐI 11'),
(3, N'KHỐI 12')

--------------------- BẢNG MÔN HỌC
INSERT INTO MONHOC(MAMH, TENMH, TIETTOIDA, MACM, MAKHOI)
VALUES 
(1, N'Đại Số 10', 2, 1, 1),
(2, N'Hình Học 10', 1, 1, 1),
(3, N'Vật Lý 10', 2, 3, 1),
(4, N'Hóa Học 10', 2, 4, 1),
(5, N'Sinh Học 10', 1, 5, 1),
(6, N'Ngữ Văn 10', 3, 2, 1),
(7, N'Lịch Sử 10', 1, 6, 1),
(8, N'Địa Lý 10', 2, 7, 1),
(9, N'Tin Học 10', 2, 11, 1),
(10, N'Công Nghệ 10', 1, 10, 1),
(12, N'GDCD 10', 1, 8, 1),
(13, N'Tiếng Anh 10', 3, 9, 1),
(14, N'GDQP-AN 10', 1, 14, 1),
(15, N'Thể dục 10', 2, 12, 1),
(16, N'Đại số và giải tích 11', 2, 1, 2),
(17, N'Hình học 11', 2, 1, 2),
(18, N'Vật lý 11', 2, 3, 2),
(19, N'Hóa học 11', 2, 4, 2),
(20, N'Sinh học 11', 1, 5, 2),
(21, N'Công nghệ 11', 1, 10, 2),
(22, N'Ngữ văn 11', 4, 2, 2),
(23, N'Lịch sử 11', 1, 6, 2),
(24, N'Địa lý 11', 1, 7, 2),
(25, N'GDCD 11', 1, 8, 2),
(26, N'Tin học 11', 2, 11, 2),
(27, N'Tiếng anh 11', 3, 9, 2),
(28, N'GDQP-AN 11', 1, 14, 2),
(29, N'Thể dục 11', 2, 12, 2),
(30, N'Giải Tích 12', 2, 1, 3),
(31, N'Hình Học 12', 2, 1, 3),
(32, N'Vật Lý 12', 3, 3, 3),
(33, N'Hóa Học 12', 3, 4, 3),
(34, N'Sinh Học 12', 2, 5, 3),
(35, N'Ngữ Văn 12', 3, 2, 3),
(36, N'Lịch Sử 12', 2, 6, 3),
(37, N'Địa Lý 12', 1, 7, 3),
(38, N'Tin Học 12', 1, 11, 3),
(39, N'Công Nghệ 12', 1, 10, 3),
(40, N'GDCD 12', 1, 8, 3),
(41, N'Tiếng Anh 12', 3, 9, 3),
(42, N'GDQP-AN 12', 1, 14, 3),
(43, N'Thể dục 12', 2, 12, 3)

--------------------- BẢNG GIÁO VIÊN
SET DATEFORMAT DMY
INSERT INTO GIAOVIEN(MAGV, TRANGTHAI, HOTEN, NGAYSINH, GIOITINH, DIACHI, SODIENTHOAI, CCCD, EMAIL, NGAYVAOTRUONG, NGAYVAODANG, DONVICONGTAC, DANTOC, TONGIAO, THAMNIEN, MASOCD, BAC, MACM)
VALUES
('2001103392', 1, N'Phạm Trần Tấn Đạt', '22/09/2002', N'Nam', N'Đường Lê Lợi, phường Bến Thành, quận 1, Thành phố Hồ Chí Minh', '0123456789',  '0123456789','datptt@slr.edu.vn', '23/05/2021', '27/06/2019', N'Trường THPT Bình Sơn', N'Kinh', N'Không',2, 'V.07.05.15', 1, 1),
('2001114243', 1, N'Nguyễn Minh Khoa', '05/07/2002', N'Nam', N'135 Nam Kỳ Khởi Nghĩa, Bến Nghé, Quận 1, Thành phố Hồ Chí Minh', '0987654321', '0123456789', 'khoanm@slr.edu.vn', '12/11/2020', '03/02/2019', N'Trường THPT Bình Sơn', N'Kinh', N'Không', 3, 'V.07.05.15', 1, 3),
('2001116218', 1, N'Tài Đại Duy Hùng', '02/07/2002', N'Nam', N'số 01 Công Xã Paris, Bến Nghé, Quận 1, Thành phố Hồ Chí Minh', '0932123456', '0123456789', 'hungtdd@slr.edu.vn', '02/03/2021', '30/07/2019', N'Trường THPT Bình Sơn', N'Kinh', N'Không', 2, 'V.07.05.15', 1, 4),
('2001128009', 1, N'Lê Hoàng Chương', '22/02/1985', N'Nam', N'số 2 Nguyễn Bỉnh Khiêm, Quận 1, Thành phố Hồ Chí Minh', '0765432109', '0123456789', 'chuonglh@slr.edu.vn', '27/06/2017', '12/10/2008', N'Trường THPT Bình Sơn', N'Kinh', N'Không', 6, 'V.07.05.15', 3, 8),
('2001129533', 1, N'Lê Hoàng Anh', '28/09/1987', N'Nam', N'TL15, Phú Hiệp, Củ Chi, Thành phố Hồ Chí Minh', '0876543210', '0123456789', 'anhlh@slr.edu.vn', '13/11/2014', '13/05/2017', N'Trường THPT Bình Sơn', N'Kinh', N'Không', 9, 'V.07.05.15', 9, 2),
('2001135986', 1, N'Kiều Đạo Nhất San', '11/12/1991', N'Nam', N'Đường Nguyễn Huệ, quận 1, Thành phố Hồ Chí Minh', '0654321098', '0123456789', 'sankdn@slr.edu.vn', '28/10/2020', '19/01/1998', N'Trường THPT Bình Sơn', N'Kinh', N'Không', 3, 'V.07.05.15', 1, 1),
('2001140172', 1, N'Trần Quốc Quy', '04/05/1989', N'Nam', N'2 Nguyễn Bỉnh Khiêm, Bến Nghé, Quận 1, Thành phố Hồ Chí Minh', '0987654321', '0123456789', 'quytq@slr.edu.vn', '01/06/2018', '09/01/2015', N'Trường THPT Bình Sơn', N'Kinh', N'Không', 5, 'V.07.05.15', 4, 6),
('2001150068', 1, N'Trần Thị Vân Anh', '23/08/1993', N'Nữ', N'số 2 Khu Him Lam, quận 7, Thành phố Hồ Chí Minh', '0210987654', '0123456789', 'anhttv@slr.edu.vn', '11/08/2016', '02/10/2016', N'Trường THPT Bình Sơn', N'Kinh', N'Không', 7, 'V.07.05.15', 7, 7),
('2001161738', 1, N'Đỗ Quang Vinh', '18/02/1986', N'Nam', N'Số 19-25 Nguyễn Huệ, Phường Bến Nghé, Quận 1, Thành phố Hồ Chí Minh', '0432109876', '0123456789', 'vinhdq@slr.edu.vn', '20/04/2013', '24/07/2005', N'Trường THPT Bình Sơn', N'Kinh', N'Không', 10, 'V.07.05.14', 6, 12),
('2001162764', 1, N'Nguyễn Thị Tuyết My', '12/02/1988', N'Nữ', N'Số 3 Hòa Bình, phường 3, quận 11, Thành phố Hồ Chí Minh', '0765432109', '0123456789', 'myntt@slr.edu.vn', '02/01/2013', '30/09/2006', N'Trường THPT Bình Sơn', N'Kinh', N'Không', 10, 'V.07.05.14', 3, 14),
('2001163272', 1, N'Phạm Huyền Diệu', '19/05/1992', N'Nữ', N'180/45/26 Nguyễn Hữu Cảnh, Phường 22, Quận Bình Thạnh, Thành phố Hồ Chí Minh', '0654321098', '0123456789', 'dieuph@slr.edu.vn', '08/12/2011', '01/08/2014', N'Trường THPT Bình Sơn', N'Kinh', N'Không', 12, 'V.07.05.14', 6, 8),
('2001177302', 1, N'Trần Quang Trung', '09/06/1989', N'Nam', N'đường Bình Quới, phường 28, quận Bình Thạnh, thành phố Hồ Chí Minh', '0987654321', '0123456789', 'trungtq@slr.edu.vn', '09/03/2019', '07/02/2005', N'Trường THPT Bình Sơn', N'Kinh', N'Không', 4, 'V.07.05.15', 1, 11),
('2001200374', 1, N'Phan Tấn Trung', '21/09/1980', N'Nam', N'191 đường Tam Đa, phường Trường Thạnh, quận 9, thành phố Hồ Chí Minh', '0210987654', '0123456789', 'trungpt@slr.edu.vn', '09/07/2012', '10/07/1999', N'Trường THPT Bình Sơn', N'Kinh', N'Không', 11, 'V.07.05.14', 6, 4),
('2001202625', 1, N'Phùng Thanh Độ', '14/04/1980', N'Nam', N'55C, đường Nguyễn Thị Minh Khai, quận 1, thành phố Hồ Chí Minh', '0432109876', '0123456789', 'dopt@slr.edu.vn', '08/04/2009', '26/05/2000', N'Trường THPT Bình Sơn', N'Kinh', N'Không', 14, 'V.07.05.13', 2, 5),
('2001286962', 1, N'Đặng Ngọc Bảo Châu', '27/07/1993', N'Nữ', N'48/10 Điện Biên Phủ, phường 22, quận Bình Thạnh, thành phố Hồ Chí Minh', '0876543210', '0123456789', 'chaudnb@slr.edu.vn', '06/01/2013', '25/07/2013', N'Trường THPT Bình Sơn', N'Kinh', N'Không', 10, 'V.07.05.15', 9, 13),
('2001466041', 1, N'Huỳnh Gia Khương', '30/10/1987', N'Nam', N'51/4/27 Thành Thái, Phường 14, Quận 10, Thành phố Hồ Chí Minh', '0765432109', '0123456789', 'khuonghg@slr.edu.vn', '22/03/2012', '21/08/2007', N'Trường THPT Bình Sơn', N'Hoa', N'Không', 11, 'V.07.05.15', 7, 9),
('2001570500', 1, N'Lâm Quốc Huy', '13/01/1991', N'Nam', N'346 Bến Vân Đồn, Phường 01, Quận 4, Thành phố Hồ Chí Minh', '0654321098', '0123456789', 'huylq@slr.edu.vn', '28/11/2017', '12/11/2015', N'Trường THPT Bình Sơn', N'Kinh', N'Không', 6, 'V.07.05.15', 3, 2),
('2001641485', 1, N'Đinh Sơn Tùng', '29/04/1988', N'Nam', N'số 53, đường số N8 Jamona City, Phường Phú Thuận, Quận 7, Thành phố Hồ Chí Minh', '0987654321', '0123456789', 'tungds@slr.edu.vn', '09/03/2014', '23/09/2000', N'Trường THPT Bình Sơn', N'Kinh', N'Không', 9, 'V.07.05.15', 6, 4),
('2001706433', 1, N'Đinh Thanh Hà', '12/07/1994', N'Nam', N'B70/2 Nguyễn Thần Hiến, Phường 18, Quận 4, Thành phố Hồ Chí Minh', '0210987654', '0123456789', 'hadt@slr.edu.vn', '24/01/2010', '09/11/2009', N'Trường THPT Bình Sơn', N'Kinh', N'Không', 13, 'V.07.05.14', 8, 2),
('2001787274', 1, N'Trần Trung Kiên', '31/10/1978', N'Nam', N'207B Hoàng Văn Thụ, Phường 08, Quận Phú Nhuận, Thành phố Hồ Chí Minh', '0210654987', '0123456789', 'kientt@slr.edu.vn', '29/04/2010', '03/01/2005', N'Trường THPT Bình Sơn', N'Kinh', N'Không', 13, 'V.07.05.13', 1, 10),
('2001802284', 1, N'Nguyễn Văn An', '01/01/1967', N'Nam', N'số 15 Nguyễn Lương Bằng, Phường Tân Phú, Quận 7, Thành phố Hồ Chí Minh', '0210987123', '0123456789', 'annv@slr.edu.vn', '02/07/2000', '09/02/1986', N'Trường THPT Bình Sơn', N'Kinh', N'Không', 23, 'V.07.05.13', 6, 1),
('2001878553', 1, N'Trần Bích Phượng', '12/05/1977', N'Nữ', N'Số 851-853 đường Lê Hồng Phong, Phường 12, Quận 10, Thành phố Hồ Chí Minh', '0210123654', '0123456789', 'phuongtb@slr.edu.vn', '06/12/2005', '15/09/1997', N'Trường THPT Bình Sơn', N'Không', N'Kinh', 17, 'V.07.05.13', 4, 6)

--------------------- BẢNG TÀI KHOẢN
INSERT INTO TAIKHOAN(MAGV, MATKHAU, MAQTC)
VALUES
('2001103392', '123123', 2),
('2001114243', '123123', 2),
('2001116218', '123123', 2),
('2001128009', '123123', 2),
('2001129533', '123123', 2),
('2001135986', '123123', 2),
('2001140172', '123123', 2),
('2001150068', '123123', 2),
('2001161738', '123123', 2),
('2001162764', '123123', 2),
('2001163272', '123123', 2),
('2001177302', '123123', 2),
('2001200374', '123123', 2),
('2001202625', '123123', 2),
('2001286962', '123123', 2),
('2001466041', '123123', 2),
('2001570500', '123123', 2),
('2001641485', '123123', 2),
('2001706433', '123123', 2),
('2001787274', '123123', 2),
('2001802284', '123123', 1),
('2001878553', '123123', 2)

--------------------- BẢNG LỚP HỌC
INSERT INTO LOPHOC(MALP, TENLP, SISO, KHIEMKHUYET, MAKHOI)
VALUES
('LP10016752', '10A1', 41, 0, 1),
('LP10012797', '10A2', 41, 0, 1),
('LP10012550', '10A3', 41, 0, 1),
('LP10014457', '10C1', 41, 1, 1),
('LP10017324', '10C2', 41, 1, 1),
('LP10015831', '10C3', 41, 1, 1),
('LP10019683', '11A1', 41, 0, 2),
('LP10015456', '11A2', 41, 0, 2),
('LP10011843', '11A3', 41, 0, 2),
('LP10019191', '11C1', 41, 0, 2),
('LP10013465', '11C2', 41, 0, 2),
('LP10013251', '11C3', 41, 0, 2),
('LP10015425', '12A1', 41, 1, 3),
('LP10016744', '12A2', 41, 0, 3),
('LP10015934', '12A3', 41, 0, 3),
('LP10019370', '12C1', 41, 0, 3),
('LP10012585', '12C2', 41, 0, 3),
('LP10014649', '12C3', 41, 0, 3)

--------------------- BẢNG CHI TIẾT CHỨC VỤ
INSERT INTO CHITIETCHUCVU(MACV, MAGV, NAMHOC)
VALUES
(4, '2001466041', '2023-2024'),
(4, '2001129533', '2023-2024'),
(4, '2001103392', '2023-2024'),
(4, '2001114243', '2023-2024'),
(4, '2001116218', '2023-2024'),
(4, '2001128009', '2023-2024'),
(4, '2001135986', '2023-2024'),
(4, '2001140172', '2023-2024'),
(4, '2001150068', '2023-2024'),
(4, '2001161738', '2023-2024'),
(4, '2001162764', '2023-2024'),
(4, '2001163272', '2023-2024'),
(4, '2001177302', '2023-2024'),
(4, '2001200374', '2023-2024'),
(4, '2001202625', '2023-2024'),
(4, '2001286962', '2023-2024'),
(4, '2001570500', '2023-2024'),
(4, '2001641485', '2023-2024'),
(4, '2001706433', '2023-2024'),
(4, '2001787274', '2023-2024'),
(1, '2001802284', '2023-2024'),
(2, '2001878553', '2023-2024')


----------------------------------- TEST QUERY
--set dateformat dmy
--update XACNHANLICHDAY
--set HOANTHANH = 1
--where NGAYDAY < '24/12/2023'



--set dateformat dmy
--update XACNHANLICHDAY
--set HOANTHANH = 1
--where MALICH = '3010290843' AND NGAYDAY < '16/05/2024'

--set dateformat dmy
--update XACNHANLICHDAY
--set HOANTHANH = 1
--where MALICH = '3010453947' AND NGAYDAY < '19/05/2024'

--set dateformat dmy
--update XACNHANLICHDAY
--set HOANTHANH = 1
--where MALICH = '3010703793' AND NGAYDAY < '19/05/2024'

--set dateformat dmy
--update XACNHANLICHDAY
--set HOANTHANH = 1
--where MALICH = '3010761566' AND NGAYDAY < '19/05/2024'

--set dateformat dmy
--update XACNHANLICHDAY
--set HOANTHANH = 1
--where MALICH = '3010905021' AND NGAYDAY < '19/05/2024'

--set dateformat dmy
--update XACNHANLICHDAY
--set HOANTHANH = 1
--where MALICH = '3010171460' AND NGAYDAY < '19/05/2024'

--set dateformat dmy
--update XACNHANLICHDAY
--set HOANTHANH = 1
--where MALICH = '3010172102' AND NGAYDAY < '19/05/2024'

--set dateformat dmy
--update XACNHANLICHDAY
--set HOANTHANH = 1
--where MALICH = '3010204615' AND NGAYDAY < '19/05/2024'